Title,Source,Retrieved_At
Columbia University Events,https://events.columbia.edu/cal,2026-02-26 17:01:20
University Events Policy.,https://events.columbia.edu/cal,2026-02-26 17:01:20
Load more events,https://events.columbia.edu/cal,2026-02-26 17:01:20
Baker Athletics Complex,https://events.columbia.edu/cal,2026-02-26 17:01:20
Global Centers,https://events.columbia.edu/cal,2026-02-26 17:01:20
Lamont-Doherty Earth Observatory,https://events.columbia.edu/cal,2026-02-26 17:01:20
Manhattanville,https://events.columbia.edu/cal,2026-02-26 17:01:20
Medical Center,https://events.columbia.edu/cal,2026-02-26 17:01:20
Morningside,https://events.columbia.edu/cal,2026-02-26 17:01:20
Teachers College,https://events.columbia.edu/cal,2026-02-26 17:01:20
Career Fair,https://events.columbia.edu/cal,2026-02-26 17:01:20
Continuing Education,https://events.columbia.edu/cal,2026-02-26 17:01:20
Grand Rounds,https://events.columbia.edu/cal,2026-02-26 17:01:20
Information Session,https://events.columbia.edu/cal,2026-02-26 17:01:20
Performance,https://events.columbia.edu/cal,2026-02-26 17:01:20
Professional Development,https://events.columbia.edu/cal,2026-02-26 17:01:20
Architecture,https://events.columbia.edu/cal,2026-02-26 17:01:20
Artificial Intelligence,https://events.columbia.edu/cal,2026-02-26 17:01:20
Basic Health Sciences,https://events.columbia.edu/cal,2026-02-26 17:01:20
Clinical Health Sciences,https://events.columbia.edu/cal,2026-02-26 17:01:20
Commencement,https://events.columbia.edu/cal,2026-02-26 17:01:20
Communications / Media,https://events.columbia.edu/cal,2026-02-26 17:01:20
Computer Science,https://events.columbia.edu/cal,2026-02-26 17:01:20
Core Curriculum,https://events.columbia.edu/cal,2026-02-26 17:01:20
Engineering,https://events.columbia.edu/cal,2026-02-26 17:01:20
Government and Public Policy,https://events.columbia.edu/cal,2026-02-26 17:01:20
International and Public Affairs,https://events.columbia.edu/cal,2026-02-26 17:01:20
Natural Sciences,https://events.columbia.edu/cal,2026-02-26 17:01:20
Orientation,https://events.columbia.edu/cal,2026-02-26 17:01:20
Political Science,https://events.columbia.edu/cal,2026-02-26 17:01:20
Social Justice,https://events.columbia.edu/cal,2026-02-26 17:01:20
Social Sciences,https://events.columbia.edu/cal,2026-02-26 17:01:20
Teaching and Learning,https://events.columbia.edu/cal,2026-02-26 17:01:20
World Leaders Forum,https://events.columbia.edu/cal,2026-02-26 17:01:20
Family-friendly,https://events.columbia.edu/cal,2026-02-26 17:01:20
Graduate Students,https://events.columbia.edu/cal,2026-02-26 17:01:20
Prospective Students,https://events.columbia.edu/cal,2026-02-26 17:01:20
Export Options,https://events.columbia.edu/cal,2026-02-26 17:01:20
Visiting Columbia,https://events.columbia.edu/cal,2026-02-26 17:01:20
Campus Maps,https://events.columbia.edu/cal,2026-02-26 17:01:20
Alumni Events,https://events.columbia.edu/cal,2026-02-26 17:01:20
Barnard College,https://events.columbia.edu/cal,2026-02-26 17:01:20
Columbia Business School,https://events.columbia.edu/cal,2026-02-26 17:01:20
Columbia College,https://events.columbia.edu/cal,2026-02-26 17:01:20
Committee on Global Thought,https://events.columbia.edu/cal,2026-02-26 17:01:20
Heyman Center,https://events.columbia.edu/cal,2026-02-26 17:01:20
Jewish Theological Seminary,https://events.columbia.edu/cal,2026-02-26 17:01:20
Miller Theatre,https://events.columbia.edu/cal,2026-02-26 17:01:20
School of Engineering & Applied Science,https://events.columbia.edu/cal,2026-02-26 17:01:20
School of Social Work,https://events.columbia.edu/cal,2026-02-26 17:01:20
Teachers College,https://events.columbia.edu/cal,2026-02-26 17:01:20
212.854.2388,https://events.columbia.edu/cal,2026-02-26 17:01:20
[email protected],https://events.columbia.edu/cal,2026-02-26 17:01:20
"116th Street and Broadway, New York, NY 10027",https://events.columbia.edu/cal,2026-02-26 17:01:20
© 2026 Columbia University,https://events.columbia.edu/cal,2026-02-26 17:01:20
Submit an Event,https://events.columbia.edu/cal,2026-02-26 17:01:20
